id;name;isin;exp_date;strike_price;tse_id;underlying_instrument_id
1;transmitting;help-desk;2021-02-01;67299;Generic Granite Mouse;1
2;Investment Account program composite;Business-focused Cambridgeshire;2021-01-31;11761;Hong Kong Dollar Djibouti;2
3;Auto Loan Account Savings Account strategize;SSL Kentucky plum;2021-02-01;77375;Regional Sharable;3
4;Montana;Ergonomic Wyoming;2021-01-31;88507;Fish;4
5;Intelligent Synergistic Valleys;convergence HTTP solid state;2021-02-01;15469;Virginia cyan Malaysian Ringgit;5
6;parsing system Berkshire;focus group Polarised;2021-02-01;51902;Awesome National Chicken;6
7;empower Architect Malaysia;Salad;2021-01-31;72603;payment approach;7
8;Multi-channelled;Ergonomic Fresh Salad;2021-01-31;41289;didactic Producer invoice;8
9;invoice Awesome Borders;mint green;2021-01-31;12881;Ghana;9
10;THX Synergistic implementation;24/7;2021-01-31;41703;Specialist multi-tasking;10
